-- https://drive.google.com/file/d/17fWVQ_cKy8NTUSRgIy2hTlzQz2cWjZmg/view

USE [EFcoreDemo]
GO
SET IDENTITY_INSERT [dbo].[Categories] ON 

INSERT [dbo].[Categories] ([CategoryID], [CategoryName], [Description]) VALUES (1, N'Beverages', N'Soft drinks, coffees, teas, beers, and ales')
INSERT [dbo].[Categories] ([CategoryID], [CategoryName], [Description]) VALUES (2, N'Condiments', N'Sweet and savory sauces, relishes, spreads, and seasonings')
INSERT [dbo].[Categories] ([CategoryID], [CategoryName], [Description]) VALUES (3, N'Confections', N'Desserts, candies, and sweet breads')
INSERT [dbo].[Categories] ([CategoryID], [CategoryName], [Description]) VALUES (4, N'Dairy Products', N'Cheeses')
INSERT [dbo].[Categories] ([CategoryID], [CategoryName], [Description]) VALUES (5, N'Grains/Cereals', N'Breads, crackers, pasta, and cereal')
INSERT [dbo].[Categories] ([CategoryID], [CategoryName], [Description]) VALUES (6, N'Meat/Poultry', N'Prepared meats')
INSERT [dbo].[Categories] ([CategoryID], [CategoryName], [Description]) VALUES (7, N'Produce', N'Dried fruit and bean curd')
INSERT [dbo].[Categories] ([CategoryID], [CategoryName], [Description]) VALUES (8, N'Seafood', N'Seaweed and fish')
SET IDENTITY_INSERT [dbo].[Categories] OFF
GO
SET IDENTITY_INSERT [dbo].[Suppliers] ON 

INSERT [dbo].[Suppliers] ([SupplierID], [CompanyName], [Phone]) VALUES (1, N'Exotic Liquids', N'(171) 555-2222')
INSERT [dbo].[Suppliers] ([SupplierID], [CompanyName], [Phone]) VALUES (2, N'New Orleans Cajun Delights', N'(100) 555-4822')
INSERT [dbo].[Suppliers] ([SupplierID], [CompanyName], [Phone]) VALUES (3, N'Grandma Kelly''s Homestead', N'(313) 555-5735')
INSERT [dbo].[Suppliers] ([SupplierID], [CompanyName], [Phone]) VALUES (4, N'Tokyo Traders', N'(03) 3555-5011')
INSERT [dbo].[Suppliers] ([SupplierID], [CompanyName], [Phone]) VALUES (5, N'Cooperativa de Quesos ''Las Cabras''', N'(98) 598 76 54')
INSERT [dbo].[Suppliers] ([SupplierID], [CompanyName], [Phone]) VALUES (6, N'Mayumi''s', N'(06) 431-7877')
INSERT [dbo].[Suppliers] ([SupplierID], [CompanyName], [Phone]) VALUES (7, N'Pavlova, Ltd.', N'(03) 444-2343')
INSERT [dbo].[Suppliers] ([SupplierID], [CompanyName], [Phone]) VALUES (8, N'Specialty Biscuits, Ltd.', N'(161) 555-4448')
INSERT [dbo].[Suppliers] ([SupplierID], [CompanyName], [Phone]) VALUES (9, N'PB Knäckebröd AB', N'031-987 65 43')
INSERT [dbo].[Suppliers] ([SupplierID], [CompanyName], [Phone]) VALUES (10, N'Refrescos Americanas LTDA', N'(11) 555 4640')
INSERT [dbo].[Suppliers] ([SupplierID], [CompanyName], [Phone]) VALUES (11, N'Heli Süßwaren GmbH & Co. KG', N'(010) 9984510')
INSERT [dbo].[Suppliers] ([SupplierID], [CompanyName], [Phone]) VALUES (12, N'Plutzer Lebensmittelgroßmärkte AG', N'(069) 992755')
INSERT [dbo].[Suppliers] ([SupplierID], [CompanyName], [Phone]) VALUES (13, N'Nord-Ost-Fisch Handelsgesellschaft mbH', N'(04721) 8713')
INSERT [dbo].[Suppliers] ([SupplierID], [CompanyName], [Phone]) VALUES (14, N'Formaggi Fortini s.r.l.', N'(0544) 60323')
INSERT [dbo].[Suppliers] ([SupplierID], [CompanyName], [Phone]) VALUES (15, N'Norske Meierier', N'(0)2-953010')
INSERT [dbo].[Suppliers] ([SupplierID], [CompanyName], [Phone]) VALUES (16, N'Bigfoot Breweries', N'(503) 555-9931')
INSERT [dbo].[Suppliers] ([SupplierID], [CompanyName], [Phone]) VALUES (17, N'Svensk Sjöföda AB', N'08-123 45 67')
INSERT [dbo].[Suppliers] ([SupplierID], [CompanyName], [Phone]) VALUES (18, N'Aux joyeux ecclésiastiques', N'(1) 03.83.00.68')
INSERT [dbo].[Suppliers] ([SupplierID], [CompanyName], [Phone]) VALUES (19, N'New England Seafood Cannery', N'(617) 555-3267')
INSERT [dbo].[Suppliers] ([SupplierID], [CompanyName], [Phone]) VALUES (20, N'Leka Trading', N'555-8787')
INSERT [dbo].[Suppliers] ([SupplierID], [CompanyName], [Phone]) VALUES (21, N'Lyngbysild', N'43844108')
INSERT [dbo].[Suppliers] ([SupplierID], [CompanyName], [Phone]) VALUES (22, N'Zaanse Snoepfabriek', N'(12345) 1212')
INSERT [dbo].[Suppliers] ([SupplierID], [CompanyName], [Phone]) VALUES (23, N'Karkki Oy', N'(953) 10956')
INSERT [dbo].[Suppliers] ([SupplierID], [CompanyName], [Phone]) VALUES (24, N'G''day, Mate', N'(02) 555-5914')
INSERT [dbo].[Suppliers] ([SupplierID], [CompanyName], [Phone]) VALUES (25, N'Ma Maison', N'(514) 555-9022')
INSERT [dbo].[Suppliers] ([SupplierID], [CompanyName], [Phone]) VALUES (26, N'Pasta Buttini s.r.l.', N'(089) 6547665')
INSERT [dbo].[Suppliers] ([SupplierID], [CompanyName], [Phone]) VALUES (27, N'Escargots Nouveaux', N'85.57.00.07')
INSERT [dbo].[Suppliers] ([SupplierID], [CompanyName], [Phone]) VALUES (28, N'Gai pâturage', N'38.76.98.06')
INSERT [dbo].[Suppliers] ([SupplierID], [CompanyName], [Phone]) VALUES (29, N'Forêts d''érables', N'(514) 555-2955')
SET IDENTITY_INSERT [dbo].[Suppliers] OFF
GO
SET IDENTITY_INSERT [dbo].[Products] ON 

INSERT [dbo].[Products] ([ProductID], [ProductName], [SupplierID], [CategoryID], [QuantityPerUnit], [UnitPrice], [Discontinued]) VALUES (1, N'Chai', 1, 1, N'10 boxes x 20 bags', 18.0000, 0)
INSERT [dbo].[Products] ([ProductID], [ProductName], [SupplierID], [CategoryID], [QuantityPerUnit], [UnitPrice], [Discontinued]) VALUES (2, N'Chang', 1, 1, N'24 - 12 oz bottles', 19.0000, 0)
INSERT [dbo].[Products] ([ProductID], [ProductName], [SupplierID], [CategoryID], [QuantityPerUnit], [UnitPrice], [Discontinued]) VALUES (3, N'Aniseed Syrup', 1, 2, N'12 - 550 ml bottles', 10.0000, 0)
INSERT [dbo].[Products] ([ProductID], [ProductName], [SupplierID], [CategoryID], [QuantityPerUnit], [UnitPrice], [Discontinued]) VALUES (4, N'Chef Anton''s Cajun Seasoning', 2, 2, N'48 - 6 oz jars', 22.0000, 0)
INSERT [dbo].[Products] ([ProductID], [ProductName], [SupplierID], [CategoryID], [QuantityPerUnit], [UnitPrice], [Discontinued]) VALUES (5, N'Chef Anton''s Gumbo Mix', 2, 2, N'36 boxes', 21.3500, 1)
INSERT [dbo].[Products] ([ProductID], [ProductName], [SupplierID], [CategoryID], [QuantityPerUnit], [UnitPrice], [Discontinued]) VALUES (6, N'Grandma''s Boysenberry Spread', 3, 2, N'12 - 8 oz jars', 25.0000, 0)
INSERT [dbo].[Products] ([ProductID], [ProductName], [SupplierID], [CategoryID], [QuantityPerUnit], [UnitPrice], [Discontinued]) VALUES (7, N'Uncle Bob''s Organic Dried Pears', 3, 7, N'12 - 1 lb pkgs.', 30.0000, 0)
INSERT [dbo].[Products] ([ProductID], [ProductName], [SupplierID], [CategoryID], [QuantityPerUnit], [UnitPrice], [Discontinued]) VALUES (8, N'Northwoods Cranberry Sauce', 3, 2, N'12 - 12 oz jars', 40.0000, 0)
INSERT [dbo].[Products] ([ProductID], [ProductName], [SupplierID], [CategoryID], [QuantityPerUnit], [UnitPrice], [Discontinued]) VALUES (9, N'Mishi Kobe Niku', 4, 6, N'18 - 500 g pkgs.', 97.0000, 1)
INSERT [dbo].[Products] ([ProductID], [ProductName], [SupplierID], [CategoryID], [QuantityPerUnit], [UnitPrice], [Discontinued]) VALUES (10, N'Ikura', 4, 8, N'12 - 200 ml jars', 31.0000, 0)
INSERT [dbo].[Products] ([ProductID], [ProductName], [SupplierID], [CategoryID], [QuantityPerUnit], [UnitPrice], [Discontinued]) VALUES (11, N'Queso Cabrales', 5, 4, N'1 kg pkg.', 21.0000, 0)
INSERT [dbo].[Products] ([ProductID], [ProductName], [SupplierID], [CategoryID], [QuantityPerUnit], [UnitPrice], [Discontinued]) VALUES (12, N'Queso Manchego La Pastora', 5, 4, N'10 - 500 g pkgs.', 38.0000, 0)
INSERT [dbo].[Products] ([ProductID], [ProductName], [SupplierID], [CategoryID], [QuantityPerUnit], [UnitPrice], [Discontinued]) VALUES (13, N'Konbu', 6, 8, N'2 kg box', 6.0000, 0)
INSERT [dbo].[Products] ([ProductID], [ProductName], [SupplierID], [CategoryID], [QuantityPerUnit], [UnitPrice], [Discontinued]) VALUES (14, N'Tofu', 6, 7, N'40 - 100 g pkgs.', 23.2500, 0)
INSERT [dbo].[Products] ([ProductID], [ProductName], [SupplierID], [CategoryID], [QuantityPerUnit], [UnitPrice], [Discontinued]) VALUES (15, N'Genen Shouyu', 6, 2, N'24 - 250 ml bottles', 15.5000, 0)
INSERT [dbo].[Products] ([ProductID], [ProductName], [SupplierID], [CategoryID], [QuantityPerUnit], [UnitPrice], [Discontinued]) VALUES (16, N'Pavlova', 7, 3, N'32 - 500 g boxes', 17.4500, 0)
INSERT [dbo].[Products] ([ProductID], [ProductName], [SupplierID], [CategoryID], [QuantityPerUnit], [UnitPrice], [Discontinued]) VALUES (17, N'Alice Mutton', 7, 6, N'20 - 1 kg tins', 39.0000, 1)
INSERT [dbo].[Products] ([ProductID], [ProductName], [SupplierID], [CategoryID], [QuantityPerUnit], [UnitPrice], [Discontinued]) VALUES (18, N'Carnarvon Tigers', 7, 8, N'16 kg pkg.', 62.5000, 0)
INSERT [dbo].[Products] ([ProductID], [ProductName], [SupplierID], [CategoryID], [QuantityPerUnit], [UnitPrice], [Discontinued]) VALUES (19, N'Teatime Chocolate Biscuits', 8, 3, N'10 boxes x 12 pieces', 9.2000, 0)
INSERT [dbo].[Products] ([ProductID], [ProductName], [SupplierID], [CategoryID], [QuantityPerUnit], [UnitPrice], [Discontinued]) VALUES (20, N'Sir Rodney''s Marmalade', 8, 3, N'30 gift boxes', 81.0000, 0)
INSERT [dbo].[Products] ([ProductID], [ProductName], [SupplierID], [CategoryID], [QuantityPerUnit], [UnitPrice], [Discontinued]) VALUES (21, N'Sir Rodney''s Scones', 8, 3, N'24 pkgs. x 4 pieces', 10.0000, 0)
INSERT [dbo].[Products] ([ProductID], [ProductName], [SupplierID], [CategoryID], [QuantityPerUnit], [UnitPrice], [Discontinued]) VALUES (22, N'Gustaf''s Knäckebröd', 9, 5, N'24 - 500 g pkgs.', 21.0000, 0)
INSERT [dbo].[Products] ([ProductID], [ProductName], [SupplierID], [CategoryID], [QuantityPerUnit], [UnitPrice], [Discontinued]) VALUES (23, N'Tunnbröd', 9, 5, N'12 - 250 g pkgs.', 9.0000, 0)
INSERT [dbo].[Products] ([ProductID], [ProductName], [SupplierID], [CategoryID], [QuantityPerUnit], [UnitPrice], [Discontinued]) VALUES (24, N'Guaraná Fantástica', 10, 1, N'12 - 355 ml cans', 4.5000, 1)
INSERT [dbo].[Products] ([ProductID], [ProductName], [SupplierID], [CategoryID], [QuantityPerUnit], [UnitPrice], [Discontinued]) VALUES (25, N'NuNuCa Nuß-Nougat-Creme', 11, 3, N'20 - 450 g glasses', 14.0000, 0)
INSERT [dbo].[Products] ([ProductID], [ProductName], [SupplierID], [CategoryID], [QuantityPerUnit], [UnitPrice], [Discontinued]) VALUES (26, N'Gumbär Gummibärchen', 11, 3, N'100 - 250 g bags', 31.2300, 0)
INSERT [dbo].[Products] ([ProductID], [ProductName], [SupplierID], [CategoryID], [QuantityPerUnit], [UnitPrice], [Discontinued]) VALUES (27, N'Schoggi Schokolade', 11, 3, N'100 - 100 g pieces', 43.9000, 0)
INSERT [dbo].[Products] ([ProductID], [ProductName], [SupplierID], [CategoryID], [QuantityPerUnit], [UnitPrice], [Discontinued]) VALUES (28, N'Rössle Sauerkraut', 12, 7, N'25 - 825 g cans', 45.6000, 1)
INSERT [dbo].[Products] ([ProductID], [ProductName], [SupplierID], [CategoryID], [QuantityPerUnit], [UnitPrice], [Discontinued]) VALUES (29, N'Thüringer Rostbratwurst', 12, 6, N'50 bags x 30 sausgs.', 123.7900, 1)
INSERT [dbo].[Products] ([ProductID], [ProductName], [SupplierID], [CategoryID], [QuantityPerUnit], [UnitPrice], [Discontinued]) VALUES (30, N'Nord-Ost Matjeshering', 13, 8, N'10 - 200 g glasses', 25.8900, 0)
INSERT [dbo].[Products] ([ProductID], [ProductName], [SupplierID], [CategoryID], [QuantityPerUnit], [UnitPrice], [Discontinued]) VALUES (31, N'Gorgonzola Telino', 14, 4, N'12 - 100 g pkgs', 12.5000, 0)
INSERT [dbo].[Products] ([ProductID], [ProductName], [SupplierID], [CategoryID], [QuantityPerUnit], [UnitPrice], [Discontinued]) VALUES (32, N'Mascarpone Fabioli', 14, 4, N'24 - 200 g pkgs.', 32.0000, 0)
INSERT [dbo].[Products] ([ProductID], [ProductName], [SupplierID], [CategoryID], [QuantityPerUnit], [UnitPrice], [Discontinued]) VALUES (33, N'Geitost', 15, 4, N'500 g', 2.5000, 0)
INSERT [dbo].[Products] ([ProductID], [ProductName], [SupplierID], [CategoryID], [QuantityPerUnit], [UnitPrice], [Discontinued]) VALUES (34, N'Sasquatch Ale', 16, 1, N'24 - 12 oz bottles', 14.0000, 0)
INSERT [dbo].[Products] ([ProductID], [ProductName], [SupplierID], [CategoryID], [QuantityPerUnit], [UnitPrice], [Discontinued]) VALUES (35, N'Steeleye Stout', 16, 1, N'24 - 12 oz bottles', 18.0000, 0)
INSERT [dbo].[Products] ([ProductID], [ProductName], [SupplierID], [CategoryID], [QuantityPerUnit], [UnitPrice], [Discontinued]) VALUES (36, N'Inlagd Sill', 17, 8, N'24 - 250 g  jars', 19.0000, 0)
INSERT [dbo].[Products] ([ProductID], [ProductName], [SupplierID], [CategoryID], [QuantityPerUnit], [UnitPrice], [Discontinued]) VALUES (37, N'Gravad lax', 17, 8, N'12 - 500 g pkgs.', 26.0000, 0)
INSERT [dbo].[Products] ([ProductID], [ProductName], [SupplierID], [CategoryID], [QuantityPerUnit], [UnitPrice], [Discontinued]) VALUES (38, N'Côte de Blaye', 18, 1, N'12 - 75 cl bottles', 263.5000, 0)
INSERT [dbo].[Products] ([ProductID], [ProductName], [SupplierID], [CategoryID], [QuantityPerUnit], [UnitPrice], [Discontinued]) VALUES (39, N'Chartreuse verte', 18, 1, N'750 cc per bottle', 18.0000, 0)
INSERT [dbo].[Products] ([ProductID], [ProductName], [SupplierID], [CategoryID], [QuantityPerUnit], [UnitPrice], [Discontinued]) VALUES (40, N'Boston Crab Meat', 19, 8, N'24 - 4 oz tins', 18.4000, 0)
INSERT [dbo].[Products] ([ProductID], [ProductName], [SupplierID], [CategoryID], [QuantityPerUnit], [UnitPrice], [Discontinued]) VALUES (41, N'Jack''s New England Clam Chowder', 19, 8, N'12 - 12 oz cans', 9.6500, 0)
INSERT [dbo].[Products] ([ProductID], [ProductName], [SupplierID], [CategoryID], [QuantityPerUnit], [UnitPrice], [Discontinued]) VALUES (42, N'Singaporean Hokkien Fried Mee', 20, 5, N'32 - 1 kg pkgs.', 14.0000, 1)
INSERT [dbo].[Products] ([ProductID], [ProductName], [SupplierID], [CategoryID], [QuantityPerUnit], [UnitPrice], [Discontinued]) VALUES (43, N'Ipoh Coffee', 20, 1, N'16 - 500 g tins', 46.0000, 0)
INSERT [dbo].[Products] ([ProductID], [ProductName], [SupplierID], [CategoryID], [QuantityPerUnit], [UnitPrice], [Discontinued]) VALUES (44, N'Gula Malacca', 20, 2, N'20 - 2 kg bags', 19.4500, 0)
INSERT [dbo].[Products] ([ProductID], [ProductName], [SupplierID], [CategoryID], [QuantityPerUnit], [UnitPrice], [Discontinued]) VALUES (45, N'Rogede sild', 21, 8, N'1k pkg.', 9.5000, 0)
INSERT [dbo].[Products] ([ProductID], [ProductName], [SupplierID], [CategoryID], [QuantityPerUnit], [UnitPrice], [Discontinued]) VALUES (46, N'Spegesild', 21, 8, N'4 - 450 g glasses', 12.0000, 0)
INSERT [dbo].[Products] ([ProductID], [ProductName], [SupplierID], [CategoryID], [QuantityPerUnit], [UnitPrice], [Discontinued]) VALUES (47, N'Zaanse koeken', 22, 3, N'10 - 4 oz boxes', 9.5000, 0)
INSERT [dbo].[Products] ([ProductID], [ProductName], [SupplierID], [CategoryID], [QuantityPerUnit], [UnitPrice], [Discontinued]) VALUES (48, N'Chocolade', 22, 3, N'10 pkgs.', 12.7500, 0)
INSERT [dbo].[Products] ([ProductID], [ProductName], [SupplierID], [CategoryID], [QuantityPerUnit], [UnitPrice], [Discontinued]) VALUES (49, N'Maxilaku', 23, 3, N'24 - 50 g pkgs.', 20.0000, 0)
INSERT [dbo].[Products] ([ProductID], [ProductName], [SupplierID], [CategoryID], [QuantityPerUnit], [UnitPrice], [Discontinued]) VALUES (50, N'Valkoinen suklaa', 23, 3, N'12 - 100 g bars', 16.2500, 0)
INSERT [dbo].[Products] ([ProductID], [ProductName], [SupplierID], [CategoryID], [QuantityPerUnit], [UnitPrice], [Discontinued]) VALUES (51, N'Manjimup Dried Apples', 24, 7, N'50 - 300 g pkgs.', 53.0000, 0)
INSERT [dbo].[Products] ([ProductID], [ProductName], [SupplierID], [CategoryID], [QuantityPerUnit], [UnitPrice], [Discontinued]) VALUES (52, N'Filo Mix', 24, 5, N'16 - 2 kg boxes', 7.0000, 0)
INSERT [dbo].[Products] ([ProductID], [ProductName], [SupplierID], [CategoryID], [QuantityPerUnit], [UnitPrice], [Discontinued]) VALUES (53, N'Perth Pasties', 24, 6, N'48 pieces', 32.8000, 1)
INSERT [dbo].[Products] ([ProductID], [ProductName], [SupplierID], [CategoryID], [QuantityPerUnit], [UnitPrice], [Discontinued]) VALUES (54, N'Tourtière', 25, 6, N'16 pies', 7.4500, 0)
INSERT [dbo].[Products] ([ProductID], [ProductName], [SupplierID], [CategoryID], [QuantityPerUnit], [UnitPrice], [Discontinued]) VALUES (55, N'Pâté chinois', 25, 6, N'24 boxes x 2 pies', 24.0000, 0)
INSERT [dbo].[Products] ([ProductID], [ProductName], [SupplierID], [CategoryID], [QuantityPerUnit], [UnitPrice], [Discontinued]) VALUES (56, N'Gnocchi di nonna Alice', 26, 5, N'24 - 250 g pkgs.', 38.0000, 0)
INSERT [dbo].[Products] ([ProductID], [ProductName], [SupplierID], [CategoryID], [QuantityPerUnit], [UnitPrice], [Discontinued]) VALUES (57, N'Ravioli Angelo', 26, 5, N'24 - 250 g pkgs.', 19.5000, 0)
INSERT [dbo].[Products] ([ProductID], [ProductName], [SupplierID], [CategoryID], [QuantityPerUnit], [UnitPrice], [Discontinued]) VALUES (58, N'Escargots de Bourgogne', 27, 8, N'24 pieces', 13.2500, 0)
INSERT [dbo].[Products] ([ProductID], [ProductName], [SupplierID], [CategoryID], [QuantityPerUnit], [UnitPrice], [Discontinued]) VALUES (59, N'Raclette Courdavault', 28, 4, N'5 kg pkg.', 55.0000, 0)
INSERT [dbo].[Products] ([ProductID], [ProductName], [SupplierID], [CategoryID], [QuantityPerUnit], [UnitPrice], [Discontinued]) VALUES (60, N'Camembert Pierrot', 28, 4, N'15 - 300 g rounds', 34.0000, 0)
INSERT [dbo].[Products] ([ProductID], [ProductName], [SupplierID], [CategoryID], [QuantityPerUnit], [UnitPrice], [Discontinued]) VALUES (61, N'Sirop d''érable', 29, 2, N'24 - 500 ml bottles', 28.5000, 0)
INSERT [dbo].[Products] ([ProductID], [ProductName], [SupplierID], [CategoryID], [QuantityPerUnit], [UnitPrice], [Discontinued]) VALUES (62, N'Tarte au sucre', 29, 3, N'48 pies', 49.3000, 0)
INSERT [dbo].[Products] ([ProductID], [ProductName], [SupplierID], [CategoryID], [QuantityPerUnit], [UnitPrice], [Discontinued]) VALUES (63, N'Vegie-spread', 7, 2, N'15 - 625 g jars', 43.9000, 0)
INSERT [dbo].[Products] ([ProductID], [ProductName], [SupplierID], [CategoryID], [QuantityPerUnit], [UnitPrice], [Discontinued]) VALUES (64, N'Wimmers gute Semmelknödel', 12, 5, N'20 bags x 4 pieces', 33.2500, 0)
INSERT [dbo].[Products] ([ProductID], [ProductName], [SupplierID], [CategoryID], [QuantityPerUnit], [UnitPrice], [Discontinued]) VALUES (65, N'Louisiana Fiery Hot Pepper Sauce', 2, 2, N'32 - 8 oz bottles', 21.0500, 0)
INSERT [dbo].[Products] ([ProductID], [ProductName], [SupplierID], [CategoryID], [QuantityPerUnit], [UnitPrice], [Discontinued]) VALUES (66, N'Louisiana Hot Spiced Okra', 2, 2, N'24 - 8 oz jars', 17.0000, 0)
INSERT [dbo].[Products] ([ProductID], [ProductName], [SupplierID], [CategoryID], [QuantityPerUnit], [UnitPrice], [Discontinued]) VALUES (67, N'Laughing Lumberjack Lager', 16, 1, N'24 - 12 oz bottles', 14.0000, 0)
INSERT [dbo].[Products] ([ProductID], [ProductName], [SupplierID], [CategoryID], [QuantityPerUnit], [UnitPrice], [Discontinued]) VALUES (68, N'Scottish Longbreads', 8, 3, N'10 boxes x 8 pieces', 12.5000, 0)
INSERT [dbo].[Products] ([ProductID], [ProductName], [SupplierID], [CategoryID], [QuantityPerUnit], [UnitPrice], [Discontinued]) VALUES (69, N'Gudbrandsdalsost', 15, 4, N'10 kg pkg.', 36.0000, 0)
INSERT [dbo].[Products] ([ProductID], [ProductName], [SupplierID], [CategoryID], [QuantityPerUnit], [UnitPrice], [Discontinued]) VALUES (70, N'Outback Lager', 7, 1, N'24 - 355 ml bottles', 15.0000, 0)
INSERT [dbo].[Products] ([ProductID], [ProductName], [SupplierID], [CategoryID], [QuantityPerUnit], [UnitPrice], [Discontinued]) VALUES (71, N'Flotemysost', 15, 4, N'10 - 500 g pkgs.', 21.5000, 0)
INSERT [dbo].[Products] ([ProductID], [ProductName], [SupplierID], [CategoryID], [QuantityPerUnit], [UnitPrice], [Discontinued]) VALUES (72, N'Mozzarella di Giovanni', 14, 4, N'24 - 200 g pkgs.', 34.8000, 0)
INSERT [dbo].[Products] ([ProductID], [ProductName], [SupplierID], [CategoryID], [QuantityPerUnit], [UnitPrice], [Discontinued]) VALUES (73, N'Röd Kaviar', 17, 8, N'24 - 150 g jars', 15.0000, 0)
INSERT [dbo].[Products] ([ProductID], [ProductName], [SupplierID], [CategoryID], [QuantityPerUnit], [UnitPrice], [Discontinued]) VALUES (74, N'Longlife Tofu', 4, 7, N'5 kg pkg.', 10.0000, 0)
INSERT [dbo].[Products] ([ProductID], [ProductName], [SupplierID], [CategoryID], [QuantityPerUnit], [UnitPrice], [Discontinued]) VALUES (75, N'Rhönbräu Klosterbier', 12, 1, N'24 - 0.5 l bottles', 7.7500, 0)
INSERT [dbo].[Products] ([ProductID], [ProductName], [SupplierID], [CategoryID], [QuantityPerUnit], [UnitPrice], [Discontinued]) VALUES (76, N'Lakkalikööri', 23, 1, N'500 ml', 18.0000, 0)
INSERT [dbo].[Products] ([ProductID], [ProductName], [SupplierID], [CategoryID], [QuantityPerUnit], [UnitPrice], [Discontinued]) VALUES (77, N'Original Frankfurter grüne Soße', 12, 2, N'12 boxes', 13.0000, 0)
SET IDENTITY_INSERT [dbo].[Products] OFF
GO